{"cameraMode":{"drawMode":0,"name":"Shaded","section":"Shading Mode"},"sceneLighting":false,"audioPlay":false,"sceneViewState":{"showFog":true,"showMaterialUpdate":false,"showSkybox":false,"showFlares":true,"showImageEffects":true,"showParticleSystems":true},"in2DMode":false,"pivot":{"x":21.149999618530275,"y":28.239999771118165,"z":34.70000076293945},"rotation":{"x":-0.008965395390987397,"y":0.9893122911453247,"z":-0.06926397979259491,"w":-0.1279972791671753},"size":4.770753860473633,"orthographic":true}