{"cameraMode":{"drawMode":0,"name":"Shaded","section":"Shading Mode"},"sceneLighting":false,"audioPlay":false,"sceneViewState":{"showFog":true,"showMaterialUpdate":false,"showSkybox":false,"showFlares":true,"showImageEffects":true,"showParticleSystems":true},"in2DMode":false,"pivot":{"x":26.44775390625,"y":29.99237060546875,"z":37.20000076293945},"rotation":{"x":-0.10555749386548996,"y":0.610426127910614,"z":-0.08253590762615204,"w":-0.7806570529937744},"size":2.8578836917877199,"orthographic":true}