{"cameraMode":{"drawMode":0,"name":"Shaded","section":"Shading Mode"},"sceneLighting":false,"audioPlay":false,"sceneViewState":{"showFog":true,"showMaterialUpdate":false,"showSkybox":false,"showFlares":true,"showImageEffects":true,"showParticleSystems":true},"in2DMode":false,"pivot":{"x":35.56999969482422,"y":28.469999313354493,"z":39.65999984741211},"rotation":{"x":-0.008965395390987397,"y":0.9893122911453247,"z":-0.06926397979259491,"w":-0.1279972791671753},"size":4.770753860473633,"orthographic":true}