{"cameraMode":{"drawMode":0,"name":"Shaded","section":"Shading Mode"},"sceneLighting":false,"audioPlay":false,"sceneViewState":{"showFog":true,"showMaterialUpdate":false,"showSkybox":false,"showFlares":true,"showImageEffects":true,"showParticleSystems":true},"in2DMode":false,"pivot":{"x":1.9052996635437012,"y":1.9200000762939454,"z":1.269177794456482},"rotation":{"x":0.16759981215000153,"y":0.667761504650116,"z":-0.15811572968959809,"w":0.7078166604042053},"size":7.479955673217773,"orthographic":false}