{"cameraMode":{"drawMode":0,"name":"Shaded","section":"Shading Mode"},"sceneLighting":false,"audioPlay":false,"sceneViewState":{"showFog":true,"showMaterialUpdate":false,"showSkybox":false,"showFlares":true,"showImageEffects":true,"showParticleSystems":true},"in2DMode":false,"pivot":{"x":26.44775390625,"y":29.99237060546875,"z":44.630001068115237},"rotation":{"x":-0.0207379087805748,"y":0.9722834825515747,"z":-0.21272876858711244,"w":-0.09477058053016663},"size":2.8578836917877199,"orthographic":true}