{"cameraMode":{"drawMode":0,"name":"Shaded","section":"Shading Mode"},"sceneLighting":false,"audioPlay":false,"sceneViewState":{"showFog":true,"showMaterialUpdate":false,"showSkybox":false,"showFlares":true,"showImageEffects":true,"showParticleSystems":true},"in2DMode":false,"pivot":{"x":26.44775390625,"y":29.950000762939454,"z":42.880001068115237},"rotation":{"x":-0.21305115520954133,"y":-0.5667023062705994,"z":0.15464359521865846,"w":-0.7807324528694153},"size":2.8578836917877199,"orthographic":true}