{"cameraMode":{"drawMode":0,"name":"Shaded","section":"Shading Mode"},"sceneLighting":false,"audioPlay":false,"sceneViewState":{"showFog":true,"showMaterialUpdate":false,"showSkybox":false,"showFlares":true,"showImageEffects":true,"showParticleSystems":true},"in2DMode":false,"pivot":{"x":22.650390625,"y":28.229999542236329,"z":54.560001373291019},"rotation":{"x":-0.008965394459664822,"y":0.9893122315406799,"z":-0.06926397234201431,"w":-0.1279972642660141},"size":3.9545984268188478,"orthographic":true}