{"cameraMode":{"drawMode":0,"name":"Shaded","section":"Shading Mode"},"sceneLighting":false,"audioPlay":false,"sceneViewState":{"showFog":true,"showMaterialUpdate":false,"showSkybox":false,"showFlares":true,"showImageEffects":true,"showParticleSystems":true},"in2DMode":false,"pivot":{"x":26.44775390625,"y":29.99237060546875,"z":41.38623046875},"rotation":{"x":-0.08263082057237625,"y":0.6333532333374023,"z":-0.06828188896179199,"w":-0.7664029598236084},"size":26.307601928710939,"orthographic":true}