{"cameraMode":{"drawMode":0,"name":"Shaded","section":"Shading Mode"},"sceneLighting":true,"audioPlay":false,"sceneViewState":{"showFog":true,"showMaterialUpdate":false,"showSkybox":true,"showFlares":true,"showImageEffects":true,"showParticleSystems":true},"in2DMode":false,"pivot":{"x":39.39595413208008,"y":1.775482177734375,"z":7.9288482666015629},"rotation":{"x":-0.35626909136772158,"y":-0.10896386951208115,"z":0.041874825954437259,"w":-0.9270629286766052},"size":25.39305305480957,"orthographic":false}